State,0,Year 1,Year 2,Year 3,Year 4,Year 5,Year 6,Year 7,Year 8,Year 9,Year 10,Year 11,Year 12,Year 13,Year 14,Year 15,Year 16,Year 17,Year 18,Year 19,Year 20,Year 21,Year 22,Year 23,Year 24,Year 25
Alabama," $(1,314,457.25)"," $(121,891.01)"," $1,077,504.63 "," $2,265,114.19 "," $3,440,639.13 "," $4,603,777.25 "," $5,754,222.58 "," $6,879,712.84 "," $7,979,776.64 "," $9,053,939.81 "," $10,101,725.45 "," $11,140,242.45 "," $12,140,741.83 "," $13,101,024.99 "," $14,020,495.26 "," $14,898,559.46 "," $15,734,628.47 "," $16,528,117.77 "," $17,278,448.04 "," $17,985,045.75 "," $18,647,343.78 "," $19,252,192.19 "," $19,799,020.67 "," $20,287,281.54 "," $20,716,451.42 "," $21,086,032.84 "
Alaska," $(1,314,457.25)"," $(641,351.29)"," $34,787.19 "," $699,935.79 "," $1,353,849.71 "," $1,996,281.12 "," $2,626,979.17 "," $3,236,589.85 "," $3,824,740.82 "," $4,391,057.53 "," $4,935,163.35 "," $5,474,063.79 "," $5,982,241.90 "," $6,457,654.20 "," $6,899,840.13 "," $7,308,342.08 "," $7,682,705.85 "," $8,022,481.02 "," $8,327,221.47 "," $8,596,485.85 "," $8,829,838.03 "," $9,017,317.95 "," $9,158,499.28 "," $9,252,973.92 "," $9,300,353.28 "," $9,300,269.61 "
Arizona," $(1,314,457.25)"," $(1,626,536.51)"," $(1,944,243.91)"," $(2,270,204.65)"," $(2,604,535.95)"," $(2,947,356.54)"," $(3,298,786.61)"," $(3,661,207.11)"," $(4,034,757.30)"," $(4,419,577.36)"," $(4,815,808.33)"," $(5,204,895.41)"," $(5,606,258.11)"," $(6,021,742.32)"," $(6,451,493.26)"," $(6,895,655.02)"," $(7,354,370.43)"," $(7,827,780.93)"," $(8,316,026.44)"," $(8,819,245.15)"," $(9,337,573.43)"," $(9,873,377.77)"," $(10,426,764.18)"," $(10,997,832.22)"," $(11,586,674.55)"," $(12,193,376.50)"
Arkansas," $(1,314,457.25)"," $(1,673,681.53)"," $(2,038,726.77)"," $(2,411,034.98)"," $(2,790,700.03)"," $(3,177,816.94)"," $(3,572,481.91)"," $(3,976,338.68)"," $(4,389,492.57)"," $(4,812,049.52)"," $(5,244,116.11)"," $(5,667,569.45)"," $(6,100,638.20)"," $(6,545,084.04)"," $(7,001,010.50)"," $(7,468,520.08)"," $(7,947,714.22)"," $(8,438,693.13)"," $(8,941,555.71)"," $(9,456,399.45)"," $(9,983,320.25)"," $(10,523,896.64)"," $(11,078,194.58)"," $(11,646,274.88)"," $(12,228,192.90)"," $(12,823,998.18)"
California," $(1,314,457.25)"," $(1,747,937.36)"," $(2,187,648.17)"," $(2,635,349.69)"," $(3,091,148.08)"," $(3,555,150.84)"," $(4,027,466.82)"," $(4,509,860.80)"," $(5,002,452.22)"," $(5,505,361.29)"," $(6,018,709.03)"," $(6,525,069.69)"," $(7,042,175.37)"," $(7,571,740.50)"," $(8,113,883.41)"," $(8,668,721.46)"," $(9,236,370.87)"," $(9,816,946.70)"," $(10,410,562.61)"," $(11,017,330.85)"," $(11,637,362.05)"," $(12,272,353.19)"," $(12,922,382.35)"," $(13,587,522.01)"," $(14,267,838.77)"," $(14,963,392.95)"
Colorado," $(1,314,457.25)"," $(1,812,286.44)"," $(2,316,375.51)"," $(2,827,305.88)"," $(3,345,185.18)"," $(3,870,122.41)"," $(4,402,227.96)"," $(4,942,660.23)"," $(5,491,542.32)"," $(6,048,998.23)"," $(6,615,152.88)"," $(7,171,356.63)"," $(7,735,862.95)"," $(8,310,506.55)"," $(8,895,414.75)"," $(9,490,714.32)"," $(10,096,531.33)"," $(10,712,991.08)"," $(11,340,217.96)"," $(11,978,335.35)"," $(12,627,465.52)"," $(13,288,747.10)"," $(13,962,279.27)"," $(14,648,156.67)"," $(15,346,469.10)"," $(16,057,301.18)"
Connecticut," $(1,314,457.25)"," $(1,812,286.44)"," $(2,316,375.51)"," $(2,827,305.88)"," $(3,345,185.18)"," $(3,870,122.41)"," $(4,402,227.96)"," $(4,942,660.23)"," $(5,491,542.32)"," $(6,048,998.23)"," $(6,615,152.88)"," $(7,171,356.63)"," $(7,735,862.95)"," $(8,310,506.55)"," $(8,895,414.75)"," $(9,490,714.32)"," $(10,096,531.33)"," $(10,712,991.08)"," $(11,340,217.96)"," $(11,978,335.35)"," $(12,627,465.52)"," $(13,288,747.10)"," $(13,962,279.27)"," $(14,648,156.67)"," $(15,346,469.10)"," $(16,057,301.18)"
Delaware," $(1,314,457.25)"," $(121,891.01)"," $1,077,504.63 "," $2,265,114.19 "," $3,440,639.13 "," $4,603,777.25 "," $5,754,222.58 "," $6,879,712.84 "," $7,979,776.64 "," $9,053,939.81 "," $10,101,725.45 "," $11,140,242.45 "," $12,140,741.83 "," $13,101,024.99 "," $14,020,495.26 "," $14,898,559.46 "," $15,734,628.47 "," $16,528,117.77 "," $17,278,448.04 "," $17,985,045.75 "," $18,647,343.78 "," $19,252,192.19 "," $19,799,020.67 "," $20,287,281.54 "," $20,716,451.42 "," $21,086,032.84 "
District of Columbia," $(1,314,457.25)"," $(1,596,018.70)"," $(1,883,102.57)"," $(2,178,817.65)"," $(2,483,294.43)"," $(2,796,665.08)"," $(3,119,063.55)"," $(3,453,123.00)"," $(3,799,000.90)"," $(4,156,855.82)"," $(4,526,847.45)"," $(4,891,417.03)"," $(5,269,361.83)"," $(5,662,461.53)"," $(6,070,884.10)"," $(6,494,796.50)"," $(6,934,364.61)"," $(7,389,753.02)"," $(7,861,124.87)"," $(8,348,641.74)"," $(8,852,463.45)"," $(9,375,237.72)"," $(9,917,095.61)"," $(10,478,161.51)"," $(11,058,552.66)"," $(11,658,378.70)"
Florida," $(1,314,457.25)"," $(1,003,362.23)"," $(692,504.99)"," $(390,985.75)"," $(98,989.47)"," $183,296.63 "," $455,683.05 "," $711,769.93 "," $951,288.74 "," $1,173,969.40 "," $1,379,540.31 "," $1,586,250.15 "," $1,770,632.37 "," $1,930,678.18 "," $2,066,064.51 "," $2,176,470.47 "," $2,261,577.70 "," $2,321,070.61 "," $2,354,636.81 "," $2,361,967.32 "," $2,342,757.04 "," $2,290,248.22 "," $2,204,151.72 "," $2,084,191.56 "," $1,930,105.81 "," $1,741,647.51 "
Georgia," $(1,314,457.25)"," $(1,774,019.90)"," $(2,239,694.22)"," $(2,711,615.22)"," $(3,189,844.78)"," $(3,674,445.40)"," $(4,165,480.26)"," $(4,663,784.14)"," $(5,169,416.63)"," $(5,682,437.50)"," $(6,202,906.63)"," $(6,712,435.23)"," $(7,228,602.84)"," $(7,753,133.77)"," $(8,286,074.09)"," $(8,827,468.75)"," $(9,377,361.52)"," $(9,935,794.89)"," $(10,502,810.02)"," $(11,078,446.62)"," $(11,662,742.90)"," $(12,256,390.70)"," $(12,859,395.21)"," $(13,471,757.53)"," $(14,093,474.43)"," $(14,724,538.18)"
Hawaii," $(1,314,457.25)"," $(1,672,565.91)"," $(2,035,714.64)"," $(2,408,023.29)"," $(2,789,622.50)"," $(3,180,644.46)"," $(3,581,222.96)"," $(3,994,541.47)"," $(4,420,762.56)"," $(4,860,049.66)"," $(5,312,567.06)"," $(5,760,220.61)"," $(6,222,861.67)"," $(6,702,324.79)"," $(7,198,783.05)"," $(7,712,407.77)"," $(8,243,368.37)"," $(8,791,832.18)"," $(9,357,964.19)"," $(9,941,926.93)"," $(10,543,880.19)"," $(11,167,025.39)"," $(11,811,486.74)"," $(12,477,379.65)"," $(13,164,810.32)"," $(13,873,875.07)"
Idaho," $(1,314,457.25)"," $(1,309,930.24)"," $(1,308,017.42)"," $(1,313,914.50)"," $(1,327,752.44)"," $(1,349,663.79)"," $(1,379,782.66)"," $(1,422,079.78)"," $(1,476,732.97)"," $(1,543,921.03)"," $(1,623,823.67)"," $(1,698,515.44)"," $(1,788,547.26)"," $(1,895,770.46)"," $(2,020,388.90)"," $(2,162,604.77)"," $(2,322,618.41)"," $(2,500,628.08)"," $(2,696,829.78)"," $(2,911,417.00)"," $(3,144,580.47)"," $(3,400,440.20)"," $(3,679,165.17)"," $(3,980,915.31)"," $(4,305,840.93)"," $(4,654,082.04)"
Illinois," $(1,314,457.25)"," $(1,545,911.06)"," $(1,781,596.28)"," $(2,024,562.71)"," $(2,274,916.50)"," $(2,532,765.07)"," $(2,798,217.13)"," $(3,073,864.57)"," $(3,359,839.75)"," $(3,656,275.74)"," $(3,963,306.32)"," $(4,263,710.97)"," $(4,575,916.58)"," $(4,901,644.20)"," $(5,241,036.01)"," $(5,594,232.89)"," $(5,961,374.26)"," $(6,342,597.96)"," $(6,738,040.09)"," $(7,147,834.85)"," $(7,572,114.36)"," $(8,013,496.80)"," $(8,472,088.15)"," $(8,947,987.59)"," $(9,441,287.12)"," $(9,952,071.10)"
Indiana," $(1,314,457.25)"," $(892,628.56)"," $(469,962.30)"," $(56,642.14)"," $347,138.68 "," $741,184.56 "," $1,125,297.59 "," $1,492,408.41 "," $1,842,229.87 "," $2,174,473.20 "," $2,488,848.09 "," $2,803,511.54 "," $3,094,361.72 "," $3,359,369.54 "," $3,598,185.20 "," $3,810,461.34 "," $3,995,853.34 "," $4,154,019.71 "," $4,284,622.41 "," $4,387,327.23 "," $4,461,804.18 "," $4,500,561.65 "," $4,503,282.97 "," $4,469,665.78 "," $4,399,423.02 "," $4,292,283.97 "
Iowa," $(1,314,457.25)"," $(1,480,013.85)"," $(1,649,179.06)"," $(1,825,159.49)"," $(2,008,056.62)"," $(2,197,973.09)"," $(2,395,012.80)"," $(2,601,842.45)"," $(2,818,591.46)"," $(3,045,389.91)"," $(3,282,368.55)"," $(3,513,032.94)"," $(3,755,228.90)"," $(4,010,610.21)"," $(4,279,318.05)"," $(4,561,492.29)"," $(4,857,271.29)"," $(5,166,791.82)"," $(5,490,188.88)"," $(5,827,595.53)"," $(6,179,142.71)"," $(6,547,542.84)"," $(6,932,903.14)"," $(7,335,324.07)"," $(7,754,898.86)"," $(8,191,713.12)"
Kansas," $(1,314,457.25)"," $(1,566,588.29)"," $(1,823,204.02)"," $(2,087,101.21)"," $(2,358,381.88)"," $(2,637,149.26)"," $(2,923,507.78)"," $(3,219,922.41)"," $(3,526,518.75)"," $(3,843,423.05)"," $(4,170,762.18)"," $(4,490,579.41)"," $(4,821,829.54)"," $(5,166,290.64)"," $(5,524,095.55)"," $(5,895,375.70)"," $(6,280,261.07)"," $(6,678,879.96)"," $(7,091,358.87)"," $(7,517,822.38)"," $(7,958,392.91)"," $(8,415,542.91)"," $(8,889,367.07)"," $(9,379,953.37)"," $(9,887,382.66)"," $(10,411,728.24)"
Kentucky," $(1,314,457.25)"," $(999,897.19)"," $(685,496.33)"," $(380,102.16)"," $(83,892.13)"," $202,954.18 "," $480,255.01 "," $741,752.42 "," $987,187.64 "," $1,216,300.45 "," $1,428,829.25 "," $1,643,178.65 "," $1,835,897.20 "," $2,004,974.34 "," $2,150,098.47 "," $2,270,960.24 "," $2,367,252.81 "," $2,438,672.17 "," $2,484,917.45 "," $2,505,691.26 "," $2,500,700.02 "," $2,463,337.41 "," $2,393,325.61 "," $2,290,399.71 "," $2,154,308.60 "," $1,984,815.90 "
Louisiana," $(1,314,457.25)"," $(1,170,583.29)"," $(1,028,211.35)"," $(893,910.77)"," $(767,827.67)"," $(650,109.92)"," $(540,907.17)"," $(445,030.93)"," $(362,687.02)"," $(294,082.39)"," $(239,425.09)"," $(181,131.71)"," $(140,347.84)"," $(118,934.77)"," $(117,134.65)"," $(135,187.81)"," $(173,332.49)"," $(231,804.63)"," $(310,837.59)"," $(410,661.90)"," $(531,505.01)"," $(678,405.67)"," $(851,572.74)"," $(1,051,204.70)"," $(1,277,488.98)"," $(1,530,601.19)"
Maine," $(1,314,457.25)"," $(1,614,629.53)"," $(1,920,084.14)"," $(2,233,257.05)"," $(2,554,257.74)"," $(2,883,197.07)"," $(3,220,187.32)"," $(3,567,446.25)"," $(3,925,103.77)"," $(4,293,290.65)"," $(4,672,138.47)"," $(5,044,258.39)"," $(5,427,834.88)"," $(5,824,597.05)"," $(6,234,680.26)"," $(6,658,218.81)"," $(7,095,345.85)"," $(7,546,193.22)"," $(8,010,891.35)"," $(8,489,569.06)"," $(8,982,353.49)"," $(9,491,447.88)"," $(10,016,950.99)"," $(10,558,955.51)"," $(11,117,547.74)"," $(11,692,807.15)"
Maryland," $(1,314,457.25)"," $(745,188.54)"," $(174,060.97)"," $386,851.28 "," $937,323.83 "," $1,477,129.52 "," $2,006,038.38 "," $2,515,845.55 "," $3,006,214.81 "," $3,476,807.86 "," $3,927,284.46 "," $4,375,022.08 "," $4,795,393.67 "," $5,186,372.67 "," $5,547,545.50 "," $5,878,501.12 "," $6,178,831.37 "," $6,448,131.36 "," $6,685,999.87 "," $6,892,039.78 "," $7,065,858.53 "," $7,198,725.37 "," $7,290,257.30 "," $7,340,087.38 "," $7,347,865.77 "," $7,313,260.93 "
Massachusetts," $(1,314,457.25)"," $(1,363,640.67)"," $(1,415,843.43)"," $(1,477,519.32)"," $(1,548,832.60)"," $(1,629,949.61)"," $(1,721,038.77)"," $(1,826,773.36)"," $(1,947,374.72)"," $(2,083,065.58)"," $(2,234,070.02)"," $(2,382,820.89)"," $(2,550,312.25)"," $(2,738,417.23)"," $(2,947,390.00)"," $(3,177,482.98)"," $(3,428,946.63)"," $(3,702,029.23)"," $(3,996,976.57)"," $(4,314,031.75)"," $(4,653,434.86)"," $(5,020,043.89)"," $(5,414,073.81)"," $(5,835,729.11)"," $(6,285,203.03)"," $(6,762,676.88)"
Michigan," $(1,314,457.25)"," $(1,808,828.46)"," $(2,309,840.23)"," $(2,818,265.75)"," $(3,334,192.38)"," $(3,857,708.48)"," $(4,388,903.52)"," $(4,928,983.16)"," $(5,478,038.66)"," $(6,036,161.78)"," $(6,603,444.81)"," $(7,161,604.66)"," $(7,728,540.49)"," $(8,306,006.27)"," $(8,894,084.53)"," $(9,492,856.81)"," $(10,102,403.58)"," $(10,722,804.15)"," $(11,354,136.54)"," $(11,996,477.44)"," $(12,649,902.06)"," $(13,315,496.44)"," $(13,993,301.69)"," $(14,683,354.23)"," $(15,385,685.50)"," $(16,100,321.72)"
Minnesota," $(1,314,457.25)"," $(1,631,692.67)"," $(1,954,107.97)"," $(2,283,783.25)"," $(2,620,817.98)"," $(2,965,312.81)"," $(3,317,369.66)"," $(3,678,973.48)"," $(4,050,240.96)"," $(4,431,289.49)"," $(4,822,237.14)"," $(5,205,935.16)"," $(5,600,096.19)"," $(6,006,410.59)"," $(6,424,997.99)"," $(6,855,976.95)"," $(7,299,464.84)"," $(7,755,577.74)"," $(8,224,430.27)"," $(8,706,135.51)"," $(9,200,804.82)"," $(9,710,394.39)"," $(10,234,987.35)"," $(10,774,661.14)"," $(11,329,487.12)"," $(11,899,530.21)"
Mississippi," $(1,314,457.25)"," $(1,511,782.59)"," $(1,713,345.90)"," $(1,922,488.02)"," $(2,139,319.77)"," $(2,363,953.29)"," $(2,596,502.05)"," $(2,839,799.32)"," $(3,093,984.89)"," $(3,359,199.30)"," $(3,635,583.77)"," $(3,904,612.67)"," $(4,186,155.22)"," $(4,482,060.89)"," $(4,792,480.82)"," $(5,117,564.69)"," $(5,457,460.58)"," $(5,812,314.80)"," $(6,182,271.73)"," $(6,567,473.64)"," $(6,968,060.52)"," $(7,386,902.86)"," $(7,824,113.52)"," $(8,279,798.04)"," $(8,754,054.16)"," $(9,246,971.32)"
Missouri," $(1,314,457.25)"," $(1,550,440.49)"," $(1,791,243.61)"," $(2,039,755.12)"," $(2,296,085.04)"," $(2,560,344.76)"," $(2,832,647.00)"," $(3,115,550.96)"," $(3,409,191.26)"," $(3,713,703.25)"," $(4,029,223.06)"," $(4,337,219.96)"," $(4,657,275.04)"," $(4,991,229.19)"," $(5,339,225.11)"," $(5,701,404.26)"," $(6,077,906.67)"," $(6,468,870.80)"," $(6,874,433.41)"," $(7,294,729.38)"," $(7,729,891.57)"," $(8,182,488.60)"," $(8,652,625.22)"," $(9,140,399.45)"," $(9,645,902.15)"," $(10,169,216.56)"
Montana," $(1,314,457.25)"," $(1,616,104.87)"," $(1,923,063.22)"," $(2,237,495.46)"," $(2,559,500.00)"," $(2,889,176.43)"," $(3,226,625.55)"," $(3,573,932.02)"," $(3,931,210.83)"," $(4,298,577.60)"," $(4,676,148.56)"," $(5,045,737.58)"," $(5,426,095.69)"," $(5,819,004.42)"," $(6,224,580.34)"," $(6,642,938.80)"," $(7,074,193.87)"," $(7,518,458.15)"," $(7,975,842.69)"," $(8,446,456.80)"," $(8,930,407.99)"," $(9,429,741.71)"," $(9,944,535.27)"," $(10,474,859.97)"," $(11,020,780.84)"," $(11,582,356.15)"
Nebraska," $(1,314,457.25)"," $(1,558,225.63)"," $(1,806,671.17)"," $(2,062,556.69)"," $(2,325,989.34)"," $(2,597,077.57)"," $(2,875,931.17)"," $(3,164,996.93)"," $(3,464,405.79)"," $(3,774,289.47)"," $(4,094,780.43)"," $(4,408,163.94)"," $(4,733,161.99)"," $(5,071,537.21)"," $(5,423,428.62)"," $(5,788,974.06)"," $(6,168,310.05)"," $(6,561,571.63)"," $(6,968,892.24)"," $(7,390,403.55)"," $(7,826,235.30)"," $(8,278,844.71)"," $(8,748,334.72)"," $(9,234,801.84)"," $(9,738,335.72)"," $(10,259,018.74)"
Nevada," $(1,314,457.25)"," $31,479.20 "," $1,385,447.23 "," $2,726,632.64 "," $4,054,706.87 "," $5,369,337.31 "," $6,670,187.32 "," $7,943,519.49 "," $9,188,810.73 "," $10,405,534.93 "," $11,593,163.10 "," $12,771,289.41 "," $13,907,318.79 "," $14,998,753.99 "," $16,044,930.91 "," $17,045,189.46 "," $17,998,874.23 "," $18,905,335.12 "," $19,763,927.96 "," $20,574,015.20 "," $21,334,966.66 "," $22,032,039.50 "," $22,664,598.74 "," $23,232,034.95 "," $23,733,766.04 "," $24,169,239.14 "
New Hampshire," $(1,314,457.25)"," $(1,443,320.13)"," $(1,575,377.20)"," $(1,715,601.08)"," $(1,864,118.29)"," $(2,021,056.83)"," $(2,186,546.19)"," $(2,364,353.84)"," $(2,554,647.87)"," $(2,757,597.21)"," $(2,973,371.59)"," $(3,184,261.51)"," $(3,410,391.23)"," $(3,653,575.97)"," $(3,914,003.90)"," $(4,191,861.34)"," $(4,487,332.63)"," $(4,800,599.91)"," $(5,131,842.89)"," $(5,481,238.65)"," $(5,848,961.39)"," $(6,238,880.21)"," $(6,651,142.07)"," $(7,085,884.76)"," $(7,543,236.37)"," $(8,023,314.69)"
New Jersey," $(1,314,457.25)"," $(1,638,278.05)"," $(1,967,142.53)"," $(2,303,775.05)"," $(2,648,283.86)"," $(3,000,778.52)"," $(3,361,369.89)"," $(3,732,466.84)"," $(4,114,200.07)"," $(4,506,701.01)"," $(4,910,101.79)"," $(5,306,305.18)"," $(5,714,337.26)"," $(6,135,993.05)"," $(6,571,409.15)"," $(7,020,720.82)"," $(7,484,061.92)"," $(7,961,564.67)"," $(8,453,359.58)"," $(8,959,575.26)"," $(9,480,338.25)"," $(10,018,049.34)"," $(10,572,805.14)"," $(11,144,695.59)"," $(11,733,803.49)"," $(12,340,204.07)"
New Mexico," $(1,314,457.25)"," $258,439.96 "," $1,841,426.29 "," $3,411,619.46 "," $4,968,671.50 "," $6,512,230.14 "," $8,041,938.81 "," $9,542,848.19 "," $11,014,396.13 "," $12,456,017.20 "," $13,867,142.82 "," $15,265,606.49 "," $16,619,104.89 "," $17,925,241.50 "," $19,183,296.61 "," $20,392,554.79 "," $21,552,305.47 "," $22,661,843.72 "," $23,720,470.88 "," $24,727,495.30 "," $25,682,233.14 "," $26,568,602.42 "," $27,385,907.62 "," $28,133,480.55 "," $28,810,682.20 "," $29,416,904.85 "
New York," $(1,314,457.25)"," $(1,468,114.16)"," $(1,625,795.86)"," $(1,792,353.56)"," $(1,967,929.68)"," $(2,152,668.46)"," $(2,346,715.92)"," $(2,553,792.83)"," $(2,774,083.77)"," $(3,007,774.45)"," $(3,255,051.71)"," $(3,497,873.43)"," $(3,756,634.73)"," $(4,033,200.09)"," $(4,327,775.40)"," $(4,640,565.06)"," $(4,971,771.79)"," $(5,321,596.40)"," $(5,690,237.64)"," $(6,077,891.93)"," $(6,484,753.16)"," $(6,914,642.80)"," $(7,367,727.56)"," $(7,844,165.33)"," $(8,344,104.62)"," $(8,867,683.93)"
North Carolina," $(1,314,457.25)"," $(1,495,568.86)"," $(1,680,931.42)"," $(1,874,271.63)"," $(2,075,707.13)"," $(2,285,356.93)"," $(2,503,341.49)"," $(2,732,762.00)"," $(2,973,768.10)"," $(3,226,510.22)"," $(3,491,139.51)"," $(3,748,411.10)"," $(4,019,133.16)"," $(4,305,233.18)"," $(4,606,873.93)"," $(4,924,216.63)"," $(5,257,420.79)"," $(5,606,644.01)"," $(5,972,041.84)"," $(6,353,767.56)"," $(6,751,972.01)"," $(7,169,804.97)"," $(7,607,389.18)"," $(8,064,839.48)"," $(8,542,262.35)"," $(9,039,755.37)"
North Dakota," $(1,314,457.25)"," $(197,892.25)"," $924,933.58 "," $2,036,355.22 "," $3,136,087.58 "," $4,223,842.12 "," $5,299,326.76 "," $6,350,797.19 "," $7,377,803.34 "," $8,379,892.54 "," $9,356,609.61 "," $10,326,365.83 "," $11,259,788.94 "," $12,154,591.69 "," $13,010,205.12 "," $13,826,063.80 "," $14,601,606.29 "," $15,336,275.74 "," $16,029,520.38 "," $16,680,794.16 "," $17,289,557.34 "," $17,843,222.63 "," $18,341,248.59 "," $18,783,115.75 "," $19,168,328.13 "," $19,496,414.84 "
Ohio," $(1,314,457.25)"," $(1,356,144.47)"," $(1,401,115.96)"," $(1,455,203.75)"," $(1,518,559.75)"," $(1,591,337.70)"," $(1,673,693.21)"," $(1,770,059.43)"," $(1,880,640.28)"," $(2,005,640.87)"," $(2,145,267.42)"," $(2,279,601.29)"," $(2,431,503.76)"," $(2,603,038.54)"," $(2,794,438.11)"," $(3,005,933.16)"," $(3,237,752.31)"," $(3,490,121.96)"," $(3,763,265.97)"," $(4,057,405.46)"," $(4,372,758.54)"," $(4,713,916.46)"," $(5,081,071.53)"," $(5,474,405.86)"," $(5,894,090.77)"," $(6,340,286.05)"
Oklahoma," $(1,314,457.25)"," $(1,423,725.32)"," $(1,536,577.00)"," $(1,657,052.43)"," $(1,785,269.14)"," $(1,921,346.10)"," $(2,065,403.64)"," $(2,220,704.95)"," $(2,387,403.05)"," $(2,565,651.78)"," $(2,755,605.77)"," $(2,939,044.53)"," $(3,136,022.08)"," $(3,348,380.13)"," $(3,576,288.51)"," $(3,819,915.52)"," $(4,079,427.79)"," $(4,354,990.08)"," $(4,646,765.12)"," $(4,954,913.40)"," $(5,279,592.96)"," $(5,624,146.10)"," $(5,988,706.02)"," $(6,373,397.98)"," $(6,778,338.82)"," $(7,203,636.41)"
Oregon," $(1,314,457.25)"," $(1,167,630.17)"," $(1,022,733.09)"," $(887,086.17)"," $(760,859.66)"," $(644,225.97)"," $(537,359.69)"," $(445,529.46)"," $(368,971.48)"," $(307,923.44)"," $(262,624.49)"," $(215,406.01)"," $(187,991.96)"," $(182,289.22)"," $(198,575.07)"," $(237,125.03)"," $(298,212.64)"," $(382,109.18)"," $(489,083.42)"," $(619,401.32)"," $(773,325.74)"," $(956,375.64)"," $(1,168,794.05)"," $(1,410,812.95)"," $(1,682,652.54)"," $(1,984,520.48)"
Pennsylvania," $(1,314,457.25)"," $(1,297,893.22)"," $(1,283,471.75)"," $(1,276,792.39)"," $(1,277,987.93)"," $(1,287,192.78)"," $(1,304,542.92)"," $(1,334,204.64)"," $(1,376,360.93)"," $(1,431,195.79)"," $(1,498,894.11)"," $(1,562,429.69)"," $(1,641,746.69)"," $(1,738,623.03)"," $(1,853,270.35)"," $(1,985,898.58)"," $(2,136,715.69)"," $(2,305,927.50)"," $(2,493,737.43)"," $(2,700,346.32)"," $(2,925,952.13)"," $(3,174,891.37)"," $(3,447,341.15)"," $(3,743,469.12)"," $(4,063,432.93)"," $(4,407,379.54)"
Rhode Island," $(1,314,457.25)"," $(1,591,202.78)"," $(1,872,583.41)"," $(2,162,637.60)"," $(2,461,495.94)"," $(2,769,290.66)"," $(3,086,155.60)"," $(3,415,272.99)"," $(3,756,807.36)"," $(4,110,924.18)"," $(4,477,789.87)"," $(4,839,487.58)"," $(5,215,716.35)"," $(5,608,300.13)"," $(6,017,417.51)"," $(6,443,245.59)"," $(6,885,959.80)"," $(7,345,733.70)"," $(7,822,738.83)"," $(8,317,144.48)"," $(8,829,117.50)"," $(9,361,887.51)"," $(9,915,590.99)"," $(10,490,356.21)"," $(11,086,302.70)"," $(11,703,540.73)"
South Carolina," $(1,314,457.25)"," $(1,338,600.30)"," $(1,365,572.13)"," $(1,400,720.86)"," $(1,444,181.56)"," $(1,496,090.87)"," $(1,556,587.08)"," $(1,629,742.78)"," $(1,715,740.64)"," $(1,814,764.26)"," $(1,926,998.22)"," $(2,033,960.42)"," $(2,156,815.14)"," $(2,297,469.41)"," $(2,456,131.67)"," $(2,633,008.60)"," $(2,828,304.90)"," $(3,042,223.08)"," $(3,274,963.28)"," $(3,526,722.95)"," $(3,797,696.69)"," $(4,092,102.24)"," $(4,410,110.38)"," $(4,751,882.46)"," $(5,117,569.76)"," $(5,507,312.89)"
South Dakota," $(1,314,457.25)"," $211,469.32 "," $1,746,596.62 "," $3,267,988.36 "," $4,775,282.75 "," $6,268,113.47 "," $7,746,109.73 "," $9,194,211.24 "," $10,611,841.53 "," $11,998,420.67 "," $13,353,365.40 "," $14,696,215.28 "," $15,992,993.08 "," $17,241,131.81 "," $18,439,897.71 "," $19,588,561.22 "," $20,686,397.64 "," $21,732,687.83 "," $22,726,718.91 "," $23,667,785.01 "," $24,555,188.03 "," $25,372,746.14 "," $26,119,752.49 "," $26,795,527.79 "," $27,399,422.26 "," $27,930,817.68 "
Tennessee," $(1,314,457.25)"," $(1,203,526.76)"," $(1,094,309.80)"," $(993,329.77)"," $(900,734.53)"," $(816,673.74)"," $(741,298.82)"," $(679,404.93)"," $(631,199.36)"," $(596,890.59)"," $(576,688.17)"," $(552,572.67)"," $(546,069.72)"," $(559,081.36)"," $(591,850.69)"," $(644,618.94)"," $(717,625.25)"," $(811,106.40)"," $(925,296.55)"," $(1,060,427.03)"," $(1,216,726.00)"," $(1,399,210.49)"," $(1,608,089.05)"," $(1,843,559.76)"," $(2,105,809.50)"," $(2,395,013.27)"
Texas," $(1,314,457.25)"," $(827,657.37)"," $(339,683.62)"," $138,007.65 "," $605,201.81 "," $1,061,681.60 "," $1,507,227.15 "," $1,933,908.66 "," $2,341,405.89 "," $2,729,396.84 "," $3,097,557.76 "," $3,465,689.20 "," $3,807,271.06 "," $4,120,080.33 "," $4,403,725.93 "," $4,657,819.53 "," $4,881,975.85 "," $5,075,813.04 "," $5,238,953.12 "," $5,371,022.36 "," $5,471,651.73 "," $5,532,432.11 "," $5,553,008.27 "," $5,533,040.93 "," $5,472,207.86 "," $5,370,205.00 "
Utah," $(1,314,457.25)"," $(1,381,252.36)"," $(1,451,335.13)"," $(1,529,319.33)"," $(1,615,330.69)"," $(1,709,496.48)"," $(1,811,945.46)"," $(1,926,307.14)"," $(2,052,748.12)"," $(2,191,435.91)"," $(2,342,538.85)"," $(2,487,544.00)"," $(2,647,165.84)"," $(2,823,291.59)"," $(3,016,108.63)"," $(3,225,802.74)"," $(3,452,557.87)"," $(3,696,555.99)"," $(3,957,976.86)"," $(4,236,997.85)"," $(4,533,793.67)"," $(4,852,101.99)"," $(5,192,073.11)"," $(5,553,848.74)"," $(5,937,561.43)"," $(6,343,334.04)"
Vermont," $(1,314,457.25)"," $(1,407,729.83)"," $(1,504,469.81)"," $(1,610,247.27)"," $(1,725,213.26)"," $(1,849,520.73)"," $(1,983,324.52)"," $(2,130,798.23)"," $(2,292,142.22)"," $(2,467,558.06)"," $(2,657,248.54)"," $(2,843,041.72)"," $(3,045,939.84)"," $(3,267,842.14)"," $(3,508,975.93)"," $(3,769,566.90)"," $(4,049,838.88)"," $(4,350,013.69)"," $(4,670,310.84)"," $(5,010,947.34)"," $(5,372,137.42)"," $(5,758,198.19)"," $(6,169,318.24)"," $(6,605,676.56)"," $(7,067,441.89)"," $(7,554,772.07)"
Virginia," $(1,314,457.25)"," $(1,401,067.83)"," $(1,491,012.18)"," $(1,588,784.68)"," $(1,694,508.44)"," $(1,808,308.06)"," $(1,930,309.60)"," $(2,064,047.90)"," $(2,209,685.48)"," $(2,367,385.68)"," $(2,537,312.72)"," $(2,701,255.69)"," $(2,879,551.64)"," $(3,074,054.57)"," $(3,284,946.53)"," $(3,512,407.97)"," $(3,756,617.53)"," $(4,017,751.85)"," $(4,295,985.42)"," $(4,591,490.31)"," $(4,904,436.02)"," $(5,238,456.53)"," $(5,593,696.50)"," $(5,970,292.08)"," $(6,368,370.43)"," $(6,788,049.17)"
Washington," $(1,314,457.25)"," $(450,919.09)"," $416,031.89 "," $1,270,545.63 "," $2,112,333.30 "," $2,941,102.43 "," $3,756,556.83 "," $4,548,031.52 "," $5,315,089.38 "," $6,057,290.52 "," $6,774,192.38 "," $7,485,475.77 "," $8,161,760.26 "," $8,800,671.19 "," $9,401,666.02 "," $9,964,205.17 "," $10,487,752.47 "," $10,971,775.68 "," $11,415,747.03 "," $11,819,143.68 "," $12,181,448.34 "," $12,491,271.57 "," $12,748,101.50 "," $12,951,446.43 "," $13,100,836.18 "," $13,195,823.64 "
West Virginia," $(1,314,457.25)"," $(1,399,380.07)"," $(1,487,805.07)"," $(1,584,273.80)"," $(1,688,915.75)"," $(1,801,862.03)"," $(1,923,245.31)"," $(2,056,627.20)"," $(2,202,177.69)"," $(2,360,067.78)"," $(2,530,469.41)"," $(2,695,325.42)"," $(2,874,869.73)"," $(3,070,951.80)"," $(3,283,762.51)"," $(3,513,491.23)"," $(3,760,325.64)"," $(4,024,451.59)"," $(4,306,052.81)"," $(4,605,310.80)"," $(4,922,404.54)"," $(5,261,001.28)"," $(5,621,255.73)"," $(6,003,314.21)"," $(6,407,314.13)"," $(6,833,383.35)"
Wisconsin," $(1,314,457.25)"," $(1,449,354.92)"," $(1,587,659.09)"," $(1,733,613.64)"," $(1,887,336.92)"," $(2,048,948.71)"," $(2,218,570.18)"," $(2,399,545.90)"," $(2,592,031.05)"," $(2,796,181.58)"," $(3,012,154.26)"," $(3,222,284.89)"," $(3,446,208.95)"," $(3,685,720.68)"," $(3,940,992.74)"," $(4,212,196.24)"," $(4,499,500.48)"," $(4,803,072.86)"," $(5,123,078.61)"," $(5,459,680.64)"," $(5,813,039.33)"," $(6,186,584.04)"," $(6,580,449.89)"," $(6,994,763.80)"," $(7,429,644.00)"," $(7,885,199.48)"
Wyoming," $(1,314,457.25)"," $(1,168,910.11)"," $(1,024,870.14)"," $(889,487.07)"," $(762,913.40)"," $(645,303.37)"," $(536,813.01)"," $(442,703.43)"," $(363,191.22)"," $(298,494.05)"," $(248,830.60)"," $(194,294.57)"," $(158,614.32)"," $(143,875.96)"," $(150,333.97)"," $(178,240.64)"," $(227,845.75)"," $(299,396.33)"," $(393,136.40)"," $(509,306.66)"," $(648,144.18)"," $(815,148.95)"," $(1,010,536.20)"," $(1,234,509.60)"," $(1,487,260.42)"," $(1,768,966.77)"
